Workbook

Sheet 使用說明
A1: FocusFlow QA 系統回答品質評測
A2: 題庫來源：AI入門基礎課（courseId 6a6da68456dd124511ec5196）6 支影片、694 個逐字稿片段，全部題目與 Gold 要點皆取自實際逐字稿內容
A4: 分頁 | B4: 評分表＝主表（70 題）｜評分準則＝1-5 分錨定描述｜題型說明＝題庫組成｜統計＝自動彙總｜測試環境＝本輪設定紀錄｜填寫範例＝一列完整範例
A5: 欄位顏色 | B5: 黃色＝執行結果，由 runQaEval.js 自動填入或人工貼上（I～Q 欄）｜綠色＝人工評分欄（R～X、Z～AB 欄）｜藍色＝公式自動計算，請勿覆寫（Y 欄）
A6: 評分順序 | B6: 1) 看 matches 片段 → 評 B 忠實性、D 引用；2) 對 Gold 要點 → 評 A 正確性、C 完整性；3) 最後評 E 清晰度、F 拒答恰當性。先評 B/D 可避免被通順文筆影響判斷。
A7: 致命錯誤 | B7: B≤2（幻覺）或 D≤2（引用錯影片）時在 X 欄填 Y，該題總分自動壓到 2.00 上限。
A8: 測試前必做 1 | B8: 設定 FAQ_CACHE_ENABLED=false。否則相似度 ≥0.95 的題目會直接回快取，評到的不是模型。
A9: 測試前必做 2 | B9: 呼叫 DELETE /api/v1/courses/{courseId}/faqs 清空快取。改 QA_MATCH_LIMIT 或換模型不會讓舊快取失效，會拿到舊答案。
A10: 測試前必做 3 | B10: 在「測試環境」分頁記下本輪的 QA_MATCH_LIMIT、GEMINI_CHAT_MODEL、QA_VECTOR_SEARCH_MODE 與日期。之後要做調參前後對比全靠這一頁。
A11: 自動填答 | B11: backend/scripts/qa-eval/runQaEval.js 會依 question-bank.json 逐題呼叫 QA API，輸出 results.json / results.csv，可直接貼進 I～Q 欄。
A12: 信度建議 | B12: 抽 20% 題目給第二人盲評，在「人工複核」欄填「同意」或「修正」，統計分頁會算一致率；低於 80% 代表準則錨定需要再細化。
A13: 怎麼讀結果 | B13: A 高 B 低＝答案對但靠模型自身知識，是檢索/prompt 問題｜C 低且集中在跨片段題＝QA_MATCH_LIMIT 不足｜D 低＝時間戳有問題，學生跳過去看到不相干內容｜「該拒答卻硬答」＞0＝最嚴重，代表系統會編造。

Sheet 評分表
A1: 題號 | B1: 題型 | C1: 難度 | D1: 問題 | E1: Gold 答案要點 | F1: 應命中影片 | G1: 應命中時間(秒) | H1: 是否應拒答 | I1: 系統答案 | J1: 系統引用影片 | K1: 系統引用時間 | L1: 系統是否拒答 | M1: matchStatus | N1: matchCount | O1: topScore | P1: faqCache命中 | Q1: 回應秒數 | R1: A 正確性 | S1: B 忠實性 | T1: C 完整性 | U1: D 引用 | V1: E 清晰度 | W1: F 拒答恰當 | X1: 致命錯誤 | Y1: 加權總分 | Z1: 評分理由 | AA1: 人工複核 | AB1: 複核備註
A2: F01 | B2: 單片段事實 | C2: 易 | D2: 4090 顯示卡的記憶體大小是多少？ | E2: 24GB。老師以 4090 作為後續比較的基準點。 | F2: V1 | G2: 1057-1096 | H2: N | I2: 4090 顯示卡的記憶體大小是 24GB。 (影片：aiA10_1140119_1 1057.23-1075.06s、1410.99-1422.35s、1422.79-1440.89s) | J2: aiA10_1140119_1 | aiA10_1140119_3 | K2: 1057-1075s | 202-217s | 1411-1422s | 1042-1057s | 1423-1441s | L2: N | M2: matched | N2: 15 | O2: 0.7044 | P2: N | Q2: 12.59 | R2: 5 | S2: 5 | T2: 4 | U2: 5 | V2: 5 | W2: 5 | X2: N | Y2: =IF(COUNT(R2:W2)<6,"",IF(X2="Y",MIN(2,R2*0.3+S2*0.2+T2*0.15+U2*0.15+V2*0.1+W2*0.1),R2*0.3+S2*0.2+T2*0.15+U2*0.15+V2*0.1+W2*0.1)) | Z2: A5：24GB 與逐字稿完全一致。B5：整句出自 1057-1075s，無外部知識。C4：未提到老師是拿 4090 當後續比較基準的脈絡。D5：影片正確，1057-1075s 落在 gold 區間內，誤差 0 秒。E5：一句話講完。F5：資料充足且正常回答。
A3: F03 | B3: 單片段事實 | C3: 中 | D3: OpenAI 的模型訓練一次大約要花多少錢？ | E3: 約 1700 萬台幣訓練一次，而且訓練一次不代表會成功。 | F3: V1 | G3: 1693-1735 | H3: N | I3: OpenAI 的模型訓練一次的成本大約需要 1700 萬台幣。 (依據：aiA10_1140119_1 1693.01-1735.35s) | J3: aiA10_1140119_1 | aiA10_1140119_5 | aiA10_1140119_2 | aiA10_1140119_4 | K3: 1693-1713s | 1713-1735s | 1382-1394s | 59-70s | 1549-1564s | L3: N | M3: matched | N3: 15 | O3: 0.7514 | P3: N | Q3: 12.22 | R3: 5 | S3: 5 | T3: 4 | U3: 5 | V3: 5 | W3: 5 | X3: N | Y3: =IF(COUNT(R3:W3)<6,"",IF(X3="Y",MIN(2,R3*0.3+S3*0.2+T3*0.15+U3*0.15+V3*0.1+W3*0.1),R3*0.3+S3*0.2+T3*0.15+U3*0.15+V3*0.1+W3*0.1)) | Z3: A5：1700 萬台幣正確。B5：完全出自 1693-1735s。C4：漏掉 gold 的「訓練一次不代表會成功」。D5：依據精準。E5：精簡。F5：判斷正確。
A4: F04 | B4: 單片段事實 | C4: 中 | D4: A100 一張大約多少錢？ | E4: 輝達賣給簽約夥伴的定價當時約 40 多萬一張；實際流通到市面上大約「六開頭」（約 60 萬）一張。一般人買不到，要跟簽約廠商大量出貨。 | F4: V1 | G4: 1112-1245 | H4: N | I4: A100 的單價較為混亂，且輝達並不賣給一般人。當時賣給簽約夥伴的定價大約是一張 40 多萬，而真正到市面上大約是一張六開頭，大約是 60 萬。 (依據：aiA10_1140119_1 992.67-1011.17s、1128.71-1144.01s、1231.29-1245.03s) | J4: aiA10_1140119_1 | K4: 1096-1110s | 698-709s | 958-981s | 982-992s | 1144-1161s | L4: N | M4: matched | N4: 15 | O4: 0.683 | P4: N | Q4: 15.16 | R4: 5 | S4: 5 | T4: 5 | U4: 5 | V4: 5 | W4: 5 | X4: N | Y4: =IF(COUNT(R4:W4)<6,"",IF(X4="Y",MIN(2,R4*0.3+S4*0.2+T4*0.15+U4*0.15+V4*0.1+W4*0.1),R4*0.3+S4*0.2+T4*0.15+U4*0.15+V4*0.1+W4*0.1)) | Z4: A5：40 多萬定價與市價六開頭約 60 萬皆正確，並正確指出輝達不賣一般人。B5：三段依據皆在 matches 內。C5：gold 要點幾乎全覆蓋。D5：引用正確。E5：結構清楚。F5：判斷正確。
A5: F05 | B5: 單片段事實 | C5: 易 | D5: ChatGPT 是跑在哪裡的？ | E5: 跑在微軟的機房，微軟雲端服務 Azure 上面。 | F5: V1 | G5: 1549-1583 | H5: N | I5: ChatGPT 跑在微軟的機房，也就是微軟的雲端服務 ager，同時也跑在雲的機房並被放在雲上面。此外，它的機房是在 OpenAI 那邊。 (依據：aiA10_1140119_1 1564.55-1582.33s、aiA10_1140119_1 1582.73-1601.39s、aiA10_1140119_3 121.43-133.29s、aiA10_1140119_5 1486.14-1496.14s) | J5: aiA10_1140119_1 | aiA10_1140119_3 | aiA10_1140119_5 | aiA10_1140119_6 | K5: 1583-1601s | 1565-1582s | 1549-1564s | 121-133s | 1454-1469s | L5: N | M5: matched | N5: 15 | O5: 0.6893 | P5: N | Q5: 17.38 | R5: 3 | S5: 5 | T5: 3 | U5: 4 | V5: 3 | W5: 5 | X5: N | Y5: =IF(COUNT(R5:W5)<6,"",IF(X5="Y",MIN(2,R5*0.3+S5*0.2+T5*0.15+U5*0.15+V5*0.1+W5*0.1),R5*0.3+S5*0.2+T5*0.15+U5*0.15+V5*0.1+W5*0.1)) | Z5: A3：主體「跑在微軟機房 / Azure」正確，但結尾又說「它的機房是在 OpenAI 那邊」，與前文矛盾——那句出自 V3 121-133s 老師的口語表述，被當成並列事實拼進來。B5：每句都能在片段找到出處，沒有幻覺。C3：把不相干的陳述當成答案的一部分。D4：影片時間正確，但多引了 V5 1486-1496s 這段與本題無關。E3：STT 誤寫的「ager」未對齊成 Azure，且自相矛盾，學生會看不懂。F5：正常回答。
A6: F06 | B6: 單片段事實 | C6: 易 | D6: 圖靈測試是什麼時候提出來的？ | E6: 1950 年提出，距今約 65 年。老師認為這個標準太落後，看到「通過圖靈測試」的新聞不用理它。 | F6: V2 | G6: 462-504 | H6: N | I6: 圖靈測試是在1950年（距今65年前）被提出來的。 （依據：aiA10_1140119_2 462.25-476.25s） | J6: aiA10_1140119_2 | aiA10_1140119_3 | aiA10_1140119_6 | K6: 462-476s | 413-425s | 491-504s | 387-398s | 477-491s | L6: N | M6: matched | N6: 15 | O6: 0.7316 | P6: N | Q6: 11.82 | R6: 5 | S6: 5 | T6: 4 | U6: 5 | V6: 5 | W6: 5 | X6: N | Y6: =IF(COUNT(R6:W6)<6,"",IF(X6="Y",MIN(2,R6*0.3+S6*0.2+T6*0.15+U6*0.15+V6*0.1+W6*0.1),R6*0.3+S6*0.2+T6*0.15+U6*0.15+V6*0.1+W6*0.1)) | Z6: A5：1950 年、65 年前皆正確。B5：出自 462-476s。C4：漏掉老師「這標準太落後、新聞不用理它」的評論。D5：引用精準。E5：一句話。F5：判斷正確。
A7: F07 | B7: 單片段事實 | C7: 易 | D7: 深度學習使用的神經網路是什麼時候被提出來的？ | E7: 1980 年被提出，距離現在快 40 年，不是新東西。 | F7: V2 | G7: 517-545 | H7: N | I7: 深度學習所使用的神經網路是在 1980 年被提出來的。 (依據：aiA10_1140119_2 517.21-534.61s) | J7: aiA10_1140119_2 | aiA10_1140119_6 | aiA10_1140119_4 | aiA10_1140119_5 | K7: 517-535s | 546-557s | 717-737s | 462-476s | 738-751s | L7: N | M7: matched | N7: 15 | O7: 0.6589 | P7: N | Q7: 11.26 | R7: 5 | S7: 5 | T7: 4 | U7: 5 | V7: 5 | W7: 5 | X7: N | Y7: =IF(COUNT(R7:W7)<6,"",IF(X7="Y",MIN(2,R7*0.3+S7*0.2+T7*0.15+U7*0.15+V7*0.1+W7*0.1),R7*0.3+S7*0.2+T7*0.15+U7*0.15+V7*0.1+W7*0.1)) | Z7: A5：1980 年正確。B5：出自 517-535s。C4：漏掉「距今快 40 年、不是新東西」的重點。D5：引用精準。E5：精簡。F5：判斷正確。
A8: F08 | B8: 單片段事實 | C8: 中 | D8: Llama 3 最小的模型是哪個版本？需要多少記憶體？ | E8: Llama 3 的 8 Billion（8B）版本，需要的記憶體大約 16GB，單機用 4090 就負擔得起，中文理解能力也還可以。 | F8: V3 | G8: 180-234 | H8: N | I8: Llama 3 最小的模型是 8 Billion（8個Billion）的版本，該版本需要的記憶體大小大概是 16G。 (依據：aiA10_1140119_3 180.08-201.28s、201.58-216.98s) | J8: aiA10_1140119_3 | aiA10_1140119_2 | aiA10_1140119_1 | aiA10_1140119_4 | aiA10_1140119_5 | K8: 180-201s | 202-217s | 155-180s | 134-154s | 59-70s | L8: N | M8: matched | N8: 15 | O8: 0.6738 | P8: N | Q8: 10.87 | R8: 5 | S8: 5 | T8: 4 | U8: 5 | V8: 5 | W8: 5 | X8: N | Y8: =IF(COUNT(R8:W8)<6,"",IF(X8="Y",MIN(2,R8*0.3+S8*0.2+T8*0.15+U8*0.15+V8*0.1+W8*0.1),R8*0.3+S8*0.2+T8*0.15+U8*0.15+V8*0.1+W8*0.1)) | Z8: A5：8B 版本與 16G 記憶體皆正確。B5：兩段依據都在 matches 內。C4：漏掉「單機 4090 可跑」與「中文理解能力還可以」。D5：引用精準。E5：結構清楚。F5：判斷正確。
A9: F09 | B9: 單片段事實 | C9: 易 | D9: Llama 是哪家公司開源的？這個字什麼意思？ | E9: Meta（做 Facebook、IG 的公司）訓練並開源；llama 的意思是羊駝。 | F9: V3 | G9: 155-201 | H9: N | I9: Llama（拉馬）是由 Meta 公司訓練並開源的，這個字的意思是「羊駝」。 (依據：aiA10_1140119_3 154.8-179.88s) | J9: aiA10_1140119_3 | aiA10_1140119_5 | aiA10_1140119_2 | aiA10_1140119_1 | aiA10_1140119_6 | K9: 155-180s | 180-201s | 1394-1405s | 1545-1562s | 582-594s | L9: N | M9: matched | N9: 15 | O9: 0.7437 | P9: N | Q9: 11.68 | R9: 5 | S9: 5 | T9: 5 | U9: 5 | V9: 5 | W9: 5 | X9: N | Y9: =IF(COUNT(R9:W9)<6,"",IF(X9="Y",MIN(2,R9*0.3+S9*0.2+T9*0.15+U9*0.15+V9*0.1+W9*0.1),R9*0.3+S9*0.2+T9*0.15+U9*0.15+V9*0.1+W9*0.1)) | Z9: A5：Meta 開源、llama 意為羊駝，兩問都答對。B5：完全出自 155-180s。C5：gold 要點全覆蓋。D5：引用精準。E5：一句話講完兩個問題。F5：判斷正確。
A10: F10 | B10: 單片段事實 | C10: 中 | D10: Sony 的 PSN 資料外洩事件有多少帳號被洩露？罰了多少錢？ | E10: 約 2460 萬名使用者的帳號被洩露，被罰一千多萬台幣，而且是一罪一罰、洩露一筆罰一次。事件大約發生在 10 年前的歐洲。 | F10: V3 | G10: 440-498 | H10: N | I10: Sony 的 PSN 資料外洩事件中，共有 2460 萬個使用者帳號被洩露，並被罰了一千多萬台幣。 （依據：aiA10_1140119_3 458.73-484.47s、485.07-498.03s） | J10: aiA10_1140119_3 | aiA10_1140119_5 | aiA10_1140119_1 | aiA10_1140119_2 | aiA10_1140119_4 | K10: 485-498s | 365-382s | 459-484s | 440-458s | 395-411s | L10: N | M10: matched | N10: 15 | O10: 0.6301 | P10: N | Q10: 11.89 | R10: 5 | S10: 5 | T10: 4 | U10: 5 | V10: 5 | W10: 5 | X10: N | Y10: =IF(COUNT(R10:W10)<6,"",IF(X10="Y",MIN(2,R10*0.3+S10*0.2+T10*0.15+U10*0.15+V10*0.1+W10*0.1),R10*0.3+S10*0.2+T10*0.15+U10*0.15+V10*0.1+W10*0.1)) | Z10: A5：2460 萬帳號、罰一千多萬皆正確。B5：兩段依據皆在 matches 內。C4：漏掉「一罪一罰、洩露一筆罰一次」。D5：引用精準。E5：精簡。F5：判斷正確。
A11: F11 | B11: 單片段事實 | C11: 中 | D11: BERT 的詞向量有幾個維度？ | E11: 768 個數字（768 維）。 | F11: V6 | G11: 1531-1574 | H11: N | I11: BERT 模型的向量有 768 個數字（維度）。 (依據：aiA10_1140119_6 1530.68-1541.48s、1541.68-1558.86s) | J11: aiA10_1140119_6 | aiA10_1140119_5 | aiA10_1140119_2 | aiA10_1140119_4 | K11: 1531-1541s | 1180-1195s | 2012-2025s | 1052-1067s | 1300-1311s | L11: N | M11: matched | N11: 15 | O11: 0.6137 | P11: N | Q11: 11.9 | R11: 5 | S11: 5 | T11: 5 | U11: 5 | V11: 5 | W11: 5 | X11: N | Y11: =IF(COUNT(R11:W11)<6,"",IF(X11="Y",MIN(2,R11*0.3+S11*0.2+T11*0.15+U11*0.15+V11*0.1+W11*0.1),R11*0.3+S11*0.2+T11*0.15+U11*0.15+V11*0.1+W11*0.1)) | Z11: A5：768 維正確。B5：出自 1531-1541s。C5：這題 gold 只有一個要點，已完整。D5：引用精準。E5：一句話。F5：判斷正確。
A12: F12 | B12: 單片段事實 | C12: 中 | D12: Transformer 的經典論文叫什麼？被引用多少次？ | E12: 論文名稱是 Attention is all you need，2017 年由 Google 發表，引用次數約 15 萬次，論文本身已改到第七版。作者是一位工程師帶兩位實習生。 | F12: V5 | G12: 1635-1770 | H12: N | I12: Transformer 的經典論文名為《Tension is all you need》，其引用次數為「各十百千萬十萬十四」。 （依據：aiA10_1140119_5 1693.4-1707.47s、1734.47-1744.47s） | J12: aiA10_1140119_5 | aiA10_1140119_4 | aiA10_1140119_6 | aiA10_1140119_2 | K12: 1693-1707s | 1734-1744s | 1781-1797s | 1770-1781s | 1426-1433s | L12: N | M12: matched | N12: 15 | O12: 0.6233 | P12: N | Q12: 16.8 | R12: 2 | S12: 5 | T12: 2 | U12: 5 | V12: 1 | W12: 3 | X12: N | Y12: =IF(COUNT(R12:W12)<6,"",IF(X12="Y",MIN(2,R12*0.3+S12*0.2+T12*0.15+U12*0.15+V12*0.1+W12*0.1),R12*0.3+S12*0.2+T12*0.15+U12*0.15+V12*0.1+W12*0.1)) | Z12: A2：論文名沿用 STT 誤寫的「Tension is all you need」未對齊成 Attention（prompt 規則 4 失效）；「引用次數」更直接把逐字稿老師口頭數數的過程「各十百千萬十萬十四」原樣貼出，等於沒有回答被問到的數字。B5：內容確實出自片段，沒有編造。C2：兩個問題都只答到表面，年份與版本次數全漏。D5：1693-1707s、1734-1744s 引用正確。E1：直接貼逐字稿、輸出無法閱讀的字串，正是 E1 的定義。F3：該答有答，但實質等於沒答到。
A13: F15 | B13: 單片段事實 | C13: 中 | D13: ChatGPT 免費版和付費版用的模型有什麼不同？ | E13: 免費用戶使用 GPT-4o mini（簡化版），付費用戶才能使用完整版 GPT-4o；完整版的回答與理解能力比較強。 | F13: V4 | G13: 838-879 | H13: N | I13: ChatGPT 免費版與付費版所使用的模型差異如下： 1. **免費版**：一般不付費的免費用戶使用的是簡化版的 GVD4O mini 模型。 2. **付費版**：付費版可以使用的模型較多，且模型能力較強。付費用戶可以使用完整版的 GVD4O 模型，其回答能力更佳。 (依據：aiA10_1140119_1 1631.59-1646.07s、aiA10_1140119_4 838.2-849.2s、aiA10_1140119_4 849.2-865.2s、aiA10_1140119_4 865.2-879.2s) | J13: aiA10_1140119_1 | aiA10_1140119_4 | aiA10_1140119_2 | aiA10_1140119_5 | aiA10_1140119_3 | K13: 1632-1646s | 865-879s | 838-849s | 737-749s | 826-838s | L13: N | M13: matched | N13: 15 | O13: 0.6821 | P13: N | Q13: 14.32 | R13: 4 | S13: 5 | T13: 5 | U13: 5 | V13: 4 | W13: 5 | X13: N | Y13: =IF(COUNT(R13:W13)<6,"",IF(X13="Y",MIN(2,R13*0.3+S13*0.2+T13*0.15+U13*0.15+V13*0.1+W13*0.1),R13*0.3+S13*0.2+T13*0.15+U13*0.15+V13*0.1+W13*0.1)) | Z13: A4：免費 mini／付費完整版的區分正確，但型號沿用 STT 誤寫的「GVD4O」未對齊成 GPT-4o。B5：四段依據皆在 matches 內。C5：gold 要點全覆蓋。D5：引用正確。E4：條列清楚，扣在型號錯字會讓學生搜不到。F5：判斷正確。
... A51: C06 | B51: 口語錯字 | C51: 中 | D51: AI 為什麼會歧視？ | E51: 因為訓練資料分佈不均。課程例子是加州警察局的通緝犯人臉辨識系統，資料庫裡黑人的照片與犯罪記錄比白人多，導致辨識黑人的準確率比白人高，被認為構成歧視而被喊停。 | F51: V4 | G51: 79-227 | H51: N | I51: AI 產生歧視（例如對黑人的歧視）的原因，是因為在訓練系統的資料庫中，黑人的資料比白人多。這是因為黑人面臨較不好的處境，有些被逼迫去犯罪，導致其犯罪紀錄與訓練資料較多。這使得系統對黑人臉部特徵抓得比較好，辨識黑人通緝犯的準確率比白人高，進而造成對黑人的歧視。 （依據：aiA10_1140119_4 164.19-180.19s、180.19-191.19s、191.19-201.19s、201.19-213.19s） | J51: aiA10_1140119_4 | aiA10_1140119_3 | K51: 201-213s | 138-151s | 180-191s | 213-227s | 191-201s | L51: N | M51: matched | N51: 15 | O51: 0.6892 | P51: N | Q51: 15.76 | R51: 5 | S51: 5 | T51: 4 | U51: 5 | V51: 5 | W51: 5 | X51: N | Y51: =IF(COUNT(R51:W51)<6,"",IF(X51="Y",MIN(2,R51*0.3+S51*0.2+T51*0.15+U51*0.15+V51*0.1+W51*0.1),R51*0.3+S51*0.2+T51*0.15+U51*0.15+V51*0.1+W51*0.1)) | Z51: A5：訓練資料分佈不均、黑人處境導致資料較多、辨識率較高因而構成歧視，因果鏈完全正確。B5：四段依據皆在 matches 內。C4：漏掉「系統最終被喊停」的結局。D5：引用正確。E5：一段話把因果講清楚，通順。F5：判斷正確。

Sheet 評分準則
A1: 代號 | B1: 面向 | C1: 權重 | D1: 評分時要問的問題 | E1: 1 分 | F1: 2 分 | G1: 3 分 | H1: 4 分 | I1: 5 分
A2: A | B2: 正確性 | C2: 30% | D2: 答案內容跟逐字稿講的事實一致嗎？ | E2: 明確講錯關鍵事實（數字、人名、公司、因果關係錯誤） | F2: 主要結論錯，只有次要細節對 | G2: 大方向對，但有一到兩個可辨識的事實錯誤 | H2: 內容正確，僅有無傷大雅的小瑕疵或表述不精準 | I2: 完全正確，與逐字稿事實一致，沒有任何錯誤
A3: B | B3: 忠實性（不幻覺） | C3: 20% | D3: 每一句話都能在命中的片段裡找到根據嗎？ | E3: 大量使用課程外的知識或直接編造內容 | F3: 主要論點出自模型自身知識而非片段 | G3: 多數有根據，但補充了片段沒提到的資訊 | H3: 幾乎全部有根據，僅有一處無法對應到片段 | I3: 每一句都能在 matches 的片段中找到出處，零外部知識
A4: C | B4: 完整性 | C4: 15% | D4: 該講的重點有沒有漏？有沒有只抄第一筆片段？ | E4: 只複述單一片段，漏掉一半以上的 gold 要點 | F4: 只涵蓋約一半 gold 要點，明顯未跨片段整理 | G4: 涵蓋多數要點但漏掉一個關鍵環節 | H4: 涵蓋幾乎所有要點，僅漏次要細節 | I4: gold 要點全數涵蓋，且是跨片段歸納而非摘錄
A5: D | B5: 引用與時間戳 | C5: 15% | D5: 標出的影片與時間對嗎？跳過去真的在講那件事嗎？ | E5: 沒有標依據，或標到完全錯誤的影片 | F5: 影片對但時間差距超過 60 秒 | G5: 影片對，時間誤差 30-60 秒 | H5: 影片對，時間誤差 10-30 秒 | I5: 影片正確且時間誤差在 10 秒內，跳過去就是該內容
A6: E | B6: 清晰度與可讀性 | C6: 10% | D6: 學生看得懂嗎？是不是直接貼逐字稿？ | E6: 直接貼逐字稿、語句破碎、完全無法閱讀 | F6: 看得懂但冗長雜亂，夾雜口語贅字 | G6: 可讀，但結構鬆散或長度不恰當 | H6: 結構清楚、長度適中，僅有小處可再精簡 | I6: 有結構、精簡、口語通順，學生一看就懂
A7: F | B7: 拒答恰當性 | C7: 10% | D7: 該答的有答、不該答的有拒絕嗎？ | E7: 課程外問題硬掰出答案，或資料充足卻完全拒答 | F7: 判斷錯誤且答案帶有誤導性 | G7: 判斷勉強正確但理由或措辭不當 | H7: 判斷正確，措辭稍可改進 | I7: 判斷完全正確：該拒答的用罐頭句拒答，該回答的正常回答
A9: 加權總分公式 | B9: A×0.30 + B×0.20 + C×0.15 + D×0.15 + E×0.10 + F×0.10
A10: 致命錯誤規則 | B10: 出現幻覺（B≤2）或引用錯影片（D≤2）時，在「致命錯誤」欄填 Y，該題加權總分自動壓到 2.00 上限。避免「清晰度 5 分」把一個錯誤答案拉成及格。
A11: 評分順序建議 | B11: 先看 matches 片段內容 → 評 B 忠實性與 D 引用 → 再對 Gold 要點評 A 與 C → 最後評 E 與 F。先評 B/D 可避免被通順的文筆影響對正確性的判斷。
A12: A 與 B 為何分開 | B12: prompt 規則第 3 條禁止使用外部知識。答案正確但根據來自模型自身知識（片段裡沒有）對本系統仍是失敗，只有 A/B 分開才抓得出這種「A 高 B 低」的情況。

Sheet 題型說明
A1: 題型 | B1: 題數 | C1: 定義 | D1: 測什麼
A2: 單片段事實 | B2: 13 | C2: 答案集中在單一片段內的具體事實（數字、名稱、年份） | D2: 基礎向量檢索與答案抽取是否可靠
A3: 跨片段歸納 | B3: 10 | C3: 答案需要整合同一支影片內多個連續片段 | D3: QA_MATCH_LIMIT 是否足夠、prompt 規則 2（不可只摘錄第一筆）是否生效
A4: 跨影片 | B4: 5 | C4: 答案散落在兩支以上的影片 | D4: bridgeScope 是否把整門課的影片都納入 scope
A5: 名詞定義 | B5: 5 | C5: 課程中出現的專有名詞解釋 | D5: 定義類問題的檢索與表達品質
A6: 時間定位 | B6: 5 | C6: 問某個主題在影片的哪一段講的 | D6: 時間戳與 jumpUrl 準確度（D 面向的主力）
A7: 課程外負向 | B7: 7 | C7: 課程完全沒有涵蓋的問題，正確行為是拒答 | D7: F 面向：是否會用外部知識硬答（幻覺的主要來源）
A8: 口語錯字 | B8: 5 | C8: 學生口語問法，或問到被 STT 誤寫的專有名詞 | D8: prompt 規則 4（專有名詞對齊）與真實使用情境的韌性
A9: 合計 | B9: =SUM(B2:B8) | C9: 題庫全部取自「AI入門基礎課」6 支影片的實際逐字稿

Sheet 統計
A1: 整體
A2: 題庫總題數 | B2: =50
A3: 已評題數 | B3: =COUNT(評分表!Y2:Y51) | D3: 加權總分已算出的題數
A4: 加權總分平均 | B4: =IFERROR(AVERAGE(評分表!Y2:Y51),"未填") | D4: 滿分 5.00
A5: 致命錯誤題數 | B5: =COUNTIF(評分表!X2:X51,"Y") | D5: 幻覺或引用錯影片
A6: 致命錯誤率 | B6: =IFERROR(COUNTIF(評分表!X2:X51,"Y")/COUNT(評分表!Y2:Y51),"未填")
A8: 各面向平均
A9: A 正確性 | B9: =IFERROR(AVERAGE(評分表!R2:R51),"未填") | D9: A 明顯高於 B → 答案正確但根據來自模型自身知識，是檢索或 prompt 的問題
A10: B 忠實性 | B10: =IFERROR(AVERAGE(評分表!S2:S51),"未填")
A11: C 完整性 | B11: =IFERROR(AVERAGE(評分表!T2:T51),"未填") | D11: C 偏低且集中在跨片段題 → 考慮調高 QA_MATCH_LIMIT
A12: D 引用與時間戳 | B12: =IFERROR(AVERAGE(評分表!U2:U51),"未填") | D12: D 偏低 → 時間戳或 jumpUrl 有問題，學生跳過去會看到不相干內容
A13: E 清晰度 | B13: =IFERROR(AVERAGE(評分表!V2:V51),"未填")
A14: F 拒答恰當性 | B14: =IFERROR(AVERAGE(評分表!W2:W51),"未填")
A16: 各題型加權總分平均
A17: 題型 | B17: 平均 | C17: 題數
A18: 單片段事實 | B18: =IFERROR(AVERAGEIF(評分表!$B$2:$B$51,A18,評分表!$Y$2:$Y$51),"未填") | C18: =COUNTIF(評分表!$B$2:$B$51,A18)
A19: 跨片段歸納 | B19: =IFERROR(AVERAGEIF(評分表!$B$2:$B$51,A19,評分表!$Y$2:$Y$51),"未填") | C19: =COUNTIF(評分表!$B$2:$B$51,A19)
A20: 跨影片 | B20: =IFERROR(AVERAGEIF(評分表!$B$2:$B$51,A20,評分表!$Y$2:$Y$51),"未填") | C20: =COUNTIF(評分表!$B$2:$B$51,A20)
A21: 名詞定義 | B21: =IFERROR(AVERAGEIF(評分表!$B$2:$B$51,A21,評分表!$Y$2:$Y$51),"未填") | C21: =COUNTIF(評分表!$B$2:$B$51,A21)
A22: 時間定位 | B22: =IFERROR(AVERAGEIF(評分表!$B$2:$B$51,A22,評分表!$Y$2:$Y$51),"未填") | C22: =COUNTIF(評分表!$B$2:$B$51,A22)
A23: 課程外負向 | B23: =IFERROR(AVERAGEIF(評分表!$B$2:$B$51,A23,評分表!$Y$2:$Y$51),"未填") | C23: =COUNTIF(評分表!$B$2:$B$51,A23)
A24: 口語錯字 | B24: =IFERROR(AVERAGEIF(評分表!$B$2:$B$51,A24,評分表!$Y$2:$Y$51),"未填") | C24: =COUNTIF(評分表!$B$2:$B$51,A24)
A26: 拒答混淆矩陣
A27: 正確拒答 | B27: =COUNTIFS(評分表!$H$2:$H$51,"Y",評分表!$L$2:$L$51,"Y") | D27: 課程外問題，系統正確拒答
A28: 該拒答卻硬答 | B28: =COUNTIFS(評分表!$H$2:$H$51,"Y",評分表!$L$2:$L$51,"N") | D28: 幻覺的主要來源，最嚴重的失敗模式
A29: 不該拒答卻拒答 | B29: =COUNTIFS(評分表!$H$2:$H$51,"N",評分表!$L$2:$L$51,"Y") | D29: 假拒答。資料有卻答不出來，通常是檢索或 QA_MATCH_LIMIT 問題
A30: 正確回答 | B30: =COUNTIFS(評分表!$H$2:$H$51,"N",評分表!$L$2:$L$51,"N") | D30: 課程內問題，系統正常回答
A32: 快取與效能
A33: FAQ 快取命中題數 | B33: =COUNTIF(評分表!P2:P51,"Y") | D33: 測試時應為 0。大於 0 代表評到的是快取而不是模型，該題結果無效
A34: 平均回應秒數 | B34: =IFERROR(AVERAGE(評分表!Q2:Q51),"未填")
A35: 平均命中片段數 | B35: =IFERROR(AVERAGE(評分表!N2:N51),"未填") | D35: 上限受 QA_MATCH_LIMIT 控制（本機 .env 目前為 15）
A37: 人工複核
A38: 已複核題數 | B38: =COUNTA(評分表!AA2:AA51) | D38: 建議至少抽 20% 複核
A39: 複核同意題數 | B39: =COUNTIF(評分表!AA2:AA51,"同意")
A40: 複核一致率 | B40: =IFERROR(COUNTIF(評分表!AA2:AA51,"同意")/COUNTA(評分表!AA2:AA51),"未填") | D40: 低於 80% 代表評分準則的錨定描述需要再細化

Sheet 測試環境
A1: 項目 | B1: 值 | C1: 說明
A2: 課程 ID | B2: 6a6da68456dd124511ec5196 | C2: 本次評測的課程
A3: 課程名稱 | B3: AI入門基礎課 | C3: 6 支影片，共約 3.4 小時，694 個文字片段
A4: 題庫題數 | C4: ★ 見「題型說明」分頁
A5: 測試日期 | B5: 2026-08-24 | C5: ★ 請填寫
A6: 評分者 | B6: Claude (自動評分) — 待人工複核 | C6: ★ 請填寫
A7: QA_MATCH_LIMIT | B7: 15 | C7: 讀自本機 backend/.env（2026-08-23）。VM 實際值請以 /health 為準
A8: GEMINI_CHAT_MODEL | B8: gemini-3.5-flash | C8: 同上
A9: QA_VECTOR_SEARCH_MODE | B9: memory | C9: 同上
A10: QA_QUERY_EMBEDDING_PROVIDER | B10: gemini | C10: 同上
A11: QA_ANSWER_PROVIDER | B11: gemini | C11: 同上
A12: FAQ_CACHE_ENABLED | B12: false | C12: ★ 測試前務必設為 false，否則相似題會回快取，評到的不是模型
A13: 測試前是否已清空 FAQ | B13: 是（faqs collection 清為 0 筆） | C13: ★ 請填 是/否。改設定不會讓舊快取失效，需手動 DELETE /api/v1/courses/{courseId}/faqs
A14: 備註 | B14: run 2026-08-24T13-00-40-654Z；50 題，錯誤 0，FAQ 快取命中 0 | C14: 任何影響本輪結果的環境差異

Sheet 填寫範例
A1: 題號 | B1: 題型 | C1: 難度 | D1: 問題 | E1: Gold 答案要點 | F1: 應命中影片 | G1: 應命中時間(秒) | H1: 是否應拒答 | I1: 系統答案 | J1: 系統引用影片 | K1: 系統引用時間 | L1: 系統是否拒答 | M1: matchStatus | N1: matchCount | O1: topScore | P1: faqCache命中 | Q1: 回應秒數 | R1: A 正確性 | S1: B 忠實性 | T1: C 完整性 | U1: D 引用 | V1: E 清晰度 | W1: F 拒答恰當 | X1: 致命錯誤 | Y1: 加權總分 | Z1: 評分理由 | AA1: 人工複核 | AB1: 複核備註
A2: F01 | B2: 單片段事實 | C2: 易 | D2: 4090 顯示卡的記憶體大小是多少？ | E2: 24GB。老師以 4090 作為後續比較的基準點。 | F2: V1 | G2: 1057-1096 | H2: N | I2: 根據課程內容，4090 顯示卡的記憶體大小是 24GB，老師以這個數字作為後續比較的基準點。（依據：aiA10_1140119_1 1079-1096s） | J2: aiA10_1140119_1 | K2: 1079-1096s | L2: N | M2: matched | N2: 15 | O2: 0.82 | P2: N | Q2: 4.3 | R2: 5 | S2: 5 | T2: 4 | U2: 5 | V2: 5 | W2: 5 | X2: N | Y2: =IF(COUNT(R2:W2)<6,"",IF(X2="Y",MIN(2,R2*0.3+S2*0.2+T2*0.15+U2*0.15+V2*0.1+W2*0.1),R2*0.3+S2*0.2+T2*0.15+U2*0.15+V2*0.1+W2*0.1)) | Z2: A5：24GB 與逐字稿完全一致。B5：整句話都出自 1079-1096s 片段，無外部知識。C4：正確但未提到老師是拿它當比較基準的脈絡（gold 要點的次要部分）。D5：影片正確，時間 1079-1096 落在 gold 區間內，誤差 0 秒。E5：一句話講完，精簡好讀。F5：資料充足且正常回答，判斷正確。 | AA2: 同意
A4: 說明 | D4: 評分理由欄請寫成「面向代號＋分數：原因」的格式，讓每一分都能追溯。這一列只是格式示範，不計入統計。
